{
  "__comment": [
    "Mobs will be able to equip items declared here",
    "The first number is the weight while the second number is the quality",
    "Weight is the weight of an item. Higher weight means that the item is more likely to get choosen",
    "Quality is a modifier applied to the weight. The final weight used is weight + quality * current difficulty"
  ],
  "MAINHAND": {
    "cfm:spatula": [
      1225,
      -1.8
    ],
    "graveyard:bone_dagger": [
      1298,
      -2.384
    ],
    "minecraft:bow": [
      1108,
      0.0
    ],
    "minecraft:crossbow": [
      1000,
      0.0
    ],
    "minecraft:diamond_axe": [
      1101,
      -0.808
    ],
    "minecraft:diamond_sword": [
      789,
      1.688
    ],
    "minecraft:enchanted_book": [
      1100,
      0.0
    ],
    "minecraft:golden_axe": [
      1334,
      -2.672
    ],
    "minecraft:golden_sword": [
      1362,
      -2.896
    ],
    "minecraft:iron_axe": [
      1233,
      -1.864
    ],
    "minecraft:iron_sword": [
      1225,
      -1.8
    ],
    "minecraft:lingering_potion{Potion:\"minecraft:harming\"}": [
      1050,
      0.0
    ],
    "minecraft:netherite_axe": [
      1008,
      -0.064
    ],
    "minecraft:netherite_sword": [
      602,
      3.184
    ],
    "minecraft:snowball": [
      1400,
      0.0
    ],
    "minecraft:splash_potion{Potion:\"minecraft:harming\"}": [
      1050,
      0.0
    ],
    "minecraft:stone_axe": [
      1244,
      -1.952
    ],
    "minecraft:stone_sword": [
      1298,
      -2.384
    ],
    "minecraft:tnt": [
      800,
      0.0
    ],
    "minecraft:trident": [
      900,
      0.0
    ],
    "minecraft:wooden_axe": [
      1332,
      -2.656
    ],
    "minecraft:wooden_sword": [
      1354,
      -2.832
    ],
    "zombie_extreme:axe_flesh": [
      753,
      1.976
    ],
    "zombie_extreme:bat": [
      1263,
      -2.104
    ],
    "zombie_extreme:butcher_knife": [
      1275,
      -2.2
    ],
    "zombie_extreme:cleaver": [
      1323,
      -2.584
    ],
    "zombie_extreme:copper_axe": [
      1281,
      -2.248
    ],
    "zombie_extreme:crowbar": [
      1206,
      -1.648
    ],
    "zombie_extreme:electric_machete": [
      1,
      13.952
    ],
    "zombie_extreme:electrokatana": [
      1,
      10.352
    ],
    "zombie_extreme:fireaxe": [
      1233,
      -1.864
    ],
    "zombie_extreme:golfclub": [
      1232,
      -1.856
    ],
    "zombie_extreme:hammer": [
      478,
      4.176
    ],
    "zombie_extreme:homemade_cudgel": [
      276,
      5.792
    ],
    "zombie_extreme:hunter_knife": [
      1168,
      -1.344
    ],
    "zombie_extreme:iceaxe": [
      1065,
      -0.52
    ],
    "zombie_extreme:katana": [
      1048,
      -0.384
    ],
    "zombie_extreme:knife": [
      1323,
      -2.584
    ],
    "zombie_extreme:knifesilicon": [
      1327,
      -2.616
    ],
    "zombie_extreme:machete": [
      1129,
      -1.032
    ],
    "zombie_extreme:militarymachete": [
      346,
      5.232
    ],
    "zombie_extreme:pipe": [
      1315,
      -2.52
    ],
    "zombie_extreme:policebaton": [
      1283,
      -2.264
    ],
    "zombie_extreme:raider_hammer": [
      1,
      15.928
    ],
    "zombie_extreme:sledge_saw": [
      1,
      19.536
    ],
    "zombie_extreme:titaniumaxe": [
      910,
      0.72
    ],
    "zombie_extreme:wrench": [
      1033,
      -0.264
    ]
  },
  "OFFHAND": {
    "minecraft:ender_pearl": [
      1100,
      0.0
    ],
    "minecraft:flint_and_steel": [
      1200,
      0.0
    ],
    "minecraft:lava_bucket": [
      900,
      0.0
    ],
    "minecraft:shield": [
      1350,
      0.0
    ]
  },
  "FEET": {
    "minecraft:chainmail_boots": [
      1098,
      -0.784
    ],
    "minecraft:diamond_boots": [
      444,
      4.448
    ],
    "minecraft:golden_boots": [
      1201,
      -1.608
    ],
    "minecraft:iron_boots": [
      954,
      0.368
    ],
    "minecraft:leather_boots": [
      1356,
      -2.848
    ],
    "minecraft:netherite_boots": [
      361,
      5.112
    ],
    "zombie_extreme:chemical_protection_suit_boots": [
      934,
      0.528
    ],
    "zombie_extreme:combatvest_boots": [
      344,
      5.248
    ],
    "zombie_extreme:doctor_suit_boots": [
      1063,
      -0.504
    ],
    "zombie_extreme:exoarmor_boots": [
      1,
      49.088
    ],
    "zombie_extreme:gas_armor_boots": [
      1,
      8.496
    ],
    "zombie_extreme:ghillie_boots": [
      1290,
      -2.32
    ],
    "zombie_extreme:hi_tech_military_armor_boots": [
      1,
      13.376
    ],
    "zombie_extreme:j_armor_boots": [
      1,
      18.792
    ],
    "zombie_extreme:mercenary_armor_boots": [
      1,
      9.496
    ],
    "zombie_extreme:millitaryvest_boots": [
      1,
      9.672
    ],
    "zombie_extreme:murku_force_suit_boots": [
      1,
      12.496
    ],
    "zombie_extreme:spec_ops_suit_boots": [
      1,
      14.696
    ],
    "zombie_extreme:special_agent_armor_boots": [
      1,
      9.368
    ],
    "zombie_extreme:swat_vest_boots": [
      1,
      8.208
    ]
  },
  "LEGS": {
    "minecraft:chainmail_leggings": [
      1098,
      -0.784
    ],
    "minecraft:diamond_leggings": [
      444,
      4.448
    ],
    "minecraft:golden_leggings": [
      1201,
      -1.608
    ],
    "minecraft:iron_leggings": [
      954,
      0.368
    ],
    "minecraft:leather_leggings": [
      1356,
      -2.848
    ],
    "minecraft:netherite_leggings": [
      361,
      5.112
    ],
    "zombie_extreme:chemical_protection_suit_leggings": [
      934,
      0.528
    ],
    "zombie_extreme:combatvest_leggings": [
      344,
      5.248
    ],
    "zombie_extreme:doctor_suit_leggings": [
      1063,
      -0.504
    ],
    "zombie_extreme:exoarmor_leggings": [
      1,
      49.088
    ],
    "zombie_extreme:gas_armor_leggings": [
      1,
      8.496
    ],
    "zombie_extreme:ghillie_leggings": [
      1290,
      -2.32
    ],
    "zombie_extreme:hi_tech_military_armor_leggings": [
      1,
      13.376
    ],
    "zombie_extreme:j_armor_leggings": [
      1,
      18.792
    ],
    "zombie_extreme:mercenary_armor_leggings": [
      1,
      9.496
    ],
    "zombie_extreme:millitaryvest_leggings": [
      1,
      9.672
    ],
    "zombie_extreme:murku_force_suit_leggings": [
      1,
      12.496
    ],
    "zombie_extreme:spec_ops_suit_leggings": [
      1,
      14.696
    ],
    "zombie_extreme:special_agent_armor_leggings": [
      1,
      9.368
    ],
    "zombie_extreme:swat_vest_leggings": [
      1,
      8.208
    ]
  },
  "CHEST": {
    "betteranimalsplus:bear_cape_black": [
      1056,
      -0.448
    ],
    "betteranimalsplus:bear_cape_brown": [
      1056,
      -0.448
    ],
    "betteranimalsplus:bear_cape_kermode": [
      1056,
      -0.448
    ],
    "betteranimalsplus:wolf_cape_arctic": [
      1056,
      -0.448
    ],
    "betteranimalsplus:wolf_cape_black": [
      1056,
      -0.448
    ],
    "betteranimalsplus:wolf_cape_brown": [
      1056,
      -0.448
    ],
    "betteranimalsplus:wolf_cape_classic": [
      1056,
      -0.448
    ],
    "betteranimalsplus:wolf_cape_red": [
      1056,
      -0.448
    ],
    "betteranimalsplus:wolf_cape_timber": [
      1056,
      -0.448
    ],
    "minecraft:chainmail_chestplate": [
      1098,
      -0.784
    ],
    "minecraft:diamond_chestplate": [
      444,
      4.448
    ],
    "minecraft:golden_chestplate": [
      1201,
      -1.608
    ],
    "minecraft:iron_chestplate": [
      954,
      0.368
    ],
    "minecraft:leather_chestplate": [
      1356,
      -2.848
    ],
    "minecraft:netherite_chestplate": [
      361,
      5.112
    ],
    "zombie_extreme:balaclava_chestplate": [
      1038,
      -0.304
    ],
    "zombie_extreme:chemical_protection_suit_chestplate": [
      934,
      0.528
    ],
    "zombie_extreme:combatvest_chestplate": [
      344,
      5.248
    ],
    "zombie_extreme:doctor_suit_chestplate": [
      1063,
      -0.504
    ],
    "zombie_extreme:exoarmor_chestplate": [
      1,
      49.088
    ],
    "zombie_extreme:gas_armor_chestplate": [
      1,
      8.496
    ],
    "zombie_extreme:ghillie_chestplate": [
      1290,
      -2.32
    ],
    "zombie_extreme:hi_tech_military_armor_chestplate": [
      1,
      13.376
    ],
    "zombie_extreme:j_armor_chestplate": [
      1,
      18.792
    ],
    "zombie_extreme:mercenary_armor_chestplate": [
      1,
      9.496
    ],
    "zombie_extreme:millitaryvest_chestplate": [
      1,
      9.672
    ],
    "zombie_extreme:murku_force_suit_chestplate": [
      1,
      12.496
    ],
    "zombie_extreme:police_suit_chestplate": [
      601,
      3.192
    ],
    "zombie_extreme:spec_ops_suit_chestplate": [
      1,
      14.696
    ],
    "zombie_extreme:special_agent_armor_chestplate": [
      1,
      9.368
    ],
    "zombie_extreme:swat_vest_chestplate": [
      1,
      8.208
    ],
    "zombie_extreme:travelbackpack_chestplate": [
      885,
      0.92
    ]
  },
  "HEAD": {
    "desolation:goggles_helmet": [
      627,
      2.984
    ],
    "desolation:mask_and_goggles_helmet": [
      627,
      2.984
    ],
    "desolation:mask_helmet": [
      627,
      2.984
    ],
    "minecraft:chainmail_helmet": [
      1098,
      -0.784
    ],
    "minecraft:diamond_helmet": [
      444,
      4.448
    ],
    "minecraft:golden_helmet": [
      1201,
      -1.608
    ],
    "minecraft:iron_helmet": [
      954,
      0.368
    ],
    "minecraft:leather_helmet": [
      1356,
      -2.848
    ],
    "minecraft:netherite_helmet": [
      361,
      5.112
    ],
    "minecraft:turtle_helmet": [
      865,
      1.08
    ],
    "zombie_extreme:balaclava_helmet": [
      1038,
      -0.304
    ],
    "zombie_extreme:beret_helmet": [
      554,
      3.568
    ],
    "zombie_extreme:chemical_protection_suit_helmet": [
      934,
      0.528
    ],
    "zombie_extreme:combat_helmet_helmet": [
      977,
      0.184
    ],
    "zombie_extreme:doctor_suit_helmet": [
      1063,
      -0.504
    ],
    "zombie_extreme:exoarmor_helmet": [
      1,
      49.088
    ],
    "zombie_extreme:gas_armor_helmet": [
      1,
      8.496
    ],
    "zombie_extreme:ghillie_helmet": [
      1290,
      -2.32
    ],
    "zombie_extreme:hi_tech_military_armor_helmet": [
      1,
      13.376
    ],
    "zombie_extreme:j_armor_helmet": [
      1,
      18.792
    ],
    "zombie_extreme:mercenary_armor_helmet": [
      1,
      9.496
    ],
    "zombie_extreme:millitaryvest_helmet": [
      1,
      9.672
    ],
    "zombie_extreme:murku_force_suit_helmet": [
      1,
      12.496
    ],
    "zombie_extreme:night_vision_helmet": [
      1360,
      -2.88
    ],
    "zombie_extreme:police_suit_helmet": [
      601,
      3.192
    ],
    "zombie_extreme:snowboard_glasses_helmet": [
      760,
      1.92
    ],
    "zombie_extreme:spec_ops_suit_helmet": [
      1,
      14.696
    ],
    "zombie_extreme:special_agent_armor_helmet": [
      1,
      9.368
    ],
    "zombie_extreme:swat_vest_helmet": [
      1,
      8.208
    ]
  }
}